2025-06-12T12:51:33.541711,10.0.0.46,162.125.21.3
2025-06-12T12:51:33.550103,10.0.0.46,162.125.21.3
2025-06-12T12:51:39.635534,10.0.0.46,44.238.192.174
2025-06-12T12:51:39.729630,10.0.0.46,44.238.192.174
2025-06-12T12:51:39.730056,10.0.0.46,44.238.192.174
2025-06-12T12:51:39.730414,10.0.0.46,44.238.192.174
2025-06-12T12:51:39.835592,10.0.0.46,44.238.192.174
2025-06-12T12:51:39.837745,10.0.0.46,44.238.192.174
2025-06-12T12:51:39.838521,10.0.0.46,44.238.192.174
2025-06-12T12:51:39.935132,10.0.0.46,44.238.192.174
