142.250.69.74,2025-07-22T22:01:31.955327,0,Safe
104.26.13.38,2025-07-22T22:01:32.325321,0,Safe
20.42.65.90,2025-07-22T22:01:33.987239,16,Suspicious
142.250.69.46,2025-07-22T22:01:34.145436,0,Safe
142.250.69.138,2025-07-22T22:01:34.809154,0,Safe
142.250.69.78,2025-07-22T22:01:38.997175,0,Safe
104.18.32.47,2025-07-22T22:01:40.684901,0,Safe
162.125.21.2,2025-07-22T22:01:41.838117,2,Safe
142.250.69.68,2025-07-22T22:01:42.522484,0,Safe
142.250.69.131,2025-07-22T22:01:42.703921,0,Safe
162.125.21.3,2025-07-22T22:01:44.373256,8,Safe
18.210.101.162,2025-07-22T22:01:44.544506,0,Safe
142.251.163.188,2025-07-22T22:01:46.221868,0,Safe
140.82.112.25,2025-07-22T22:01:46.915474,0,Safe
34.139.124.58,2025-07-22T22:01:49.613293,0,Safe
13.107.246.40,2025-07-22T22:02:06.450496,35,Suspicious
142.250.69.37,2025-07-22T22:02:07.124653,0,Safe
35.190.80.1,2025-07-22T22:02:07.281471,21,Suspicious
104.208.16.90,2025-07-22T22:02:12.504323,12,Suspicious
142.250.69.66,2025-07-22T22:02:22.778514,0,Safe
